HIGH,LOW,CLOSE,VOLUME,PP,R1,R2,R3,S1,S2,S3,CLASS
840,835,835,609100,836.66666666667,838.33333333333,841.66666666667,843.33333333333,833.33333333333,831.66666666667,828.33333333333,BUY
